<?xml version="1.0" encoding="UTF-8"?>

<faces-config version="2.2"
    xmlns="http://xmlns.jcp.org/xml/ns/javaee"
    xmlns:xsi="http://www.w3.org/2001/XMLSchema-instance"
    xsi:schemaLocation="http://xmlns.jcp.org/xml/ns/javaee http://xmlns.jcp.org/xml/ns/javaee/web-facesconfig_2_2.xsd">
	<application>
		<message-bundle>resources.application</message-bundle>
		<locale-config>
			<default-locale>en</default-locale>
		</locale-config>
	</application>


	<lifecycle>
		<phase-listener>br.com.caelum.livraria.util.Autorizador</phase-listener>
		<phase-listener>br.com.caelum.livraria.util.LogPhaseListener</phase-listener>
	</lifecycle>

</faces-config>
